I have faith that things are going smoothly for you and yours	0
long time no see!	0
nice to see you too!	0
I'm happy to see you!	0
it was so good meeting you	1
I'm stopping by to say hi	0
I pray that things are going smoothly for you and yours	0
I'm glad to see you!	0
it's nice seeing you too!	0
i hope life has been treating you good.	1
it's great to finally meet in person.	0
I'm stopping by to say hi	0
i hope all is good with your family.	1
nice to meet you too!	0
I'm thrilled to see you!	0
it's a pleasure to see you again!	0
it's good to see you too!	1
I'm happy to see you!	0
i am stopping by to say hi	0
I've heard a lot of good things about you and your family.	1
hope all is well with your loved ones.	0
nice to meet you!	0
i'm stopping by to say hey!	0
dropping in to let you know i'm thinking of you.	0
nice seeing you again	0
how's it going?	0
hi, how are you?	0
it's so nice to meet someone like yourself!	0
welcome!	0
I'm excited to see you!	0
It's so nice to meet you!	0
nice seeing you all again!	0
I'm thrilled to see you all!	0
hope all is well with your family.	0
nice seeing you!	0
it's nice to see you again!	0
I just wanted to say hello	0
I pray that things are going smoothly for you and yours	0
nice to see you all again!	0
nice to meet you in person	0
how are you doing	0
nice seeing you again.	0
I've heard a lot of good things abou you.	1
do you have any plans for the weekend	0
it's good to see you again!	1
good seeing everyone	1
good to see you again!	1
I'm happy to see you!	0
I'm so happy to see you	0
how's your day going?	0
it's nice seeing you too!	0
what's up?	0
it's good seeing you again.	1
hello there, how's it going? hope things are good!	1
what is new	0
I'm so happy to see you	0
It's been a while since we last talked.	0
hi there	0
I'm happy to see you all!	0
what's up?	0
welcome!	0
It's great seeing you again!	0
it's good to see you again!	1
it's nice to see you all again!	0
I hope all is good with your family.	1
what's up?	0
i hope all is well with you and yours	0
hey friend!	0
good afternoon	1
it's good seeing you!	1
I trust that things are going smoothly for you and yours	0
hi there, how's it going? hope things are good!	1
good afternoon!	1
It's exciting to see everyone	0
hey pal!	0
hi there, how's it going? hope things are good!	1
I just wanted to say hi	0
I'm thrilled to see you!	0
I'm glad to see you	0
I'm glad i got the chance to finally meet you in person.	0
how is everything going with you and yours	0
it's good to see you!	1
it was so nice meeting you!	0
hey mate!	0
Hey team how is everyone doing?	0
it's so good to finally meet in person.	1
how are things going with you and your family	0
I have faith that things are going smoothly for you and yours	0
I'm excited to see you all!	0
how's your day been?	0
just wanted to say hi	0
how have you been	0
I'm excited to see you!	0
great to see you again!	0
great to see you again!	0
I'm excited to see you!	0
It's good to see you again!	1
I've heard a lot about you and your family.	0
just stopping by to say hello	0
it's been too long!	0
I'm excited to see you!	0
good morning!	1
how's your day going so far?	0
good seeing you again	1
I've heard a lot of good things about you and your family.	1
hope all is good in the hood!	1
it's good to see you as well!	1
good night!	1
hey mate!	0
it's good to see you as well!	1
I'm glad to see you all!	0
hey buddy!	0
Nice meeting you	0
it's great to meet you.	0
how are things going with you and your family?	0
it's great to see you as well!	0
I trust that things are going smoothly for you	0
hello there, how's it going? hope things are good!	1
how's it going?	0
hello there, how are you? hope things are good!	1
i'm happy I got the chance to finally meet you in person.	0
I'm so thrilled to see you all!	0
it's nice to see you too!	0
I trust that things are going smoothly for you and yours	0
I'm glad i got the chance to finally meet you in person.	0
i am dropping in to say hey!	0
hey good to see you!	1
dropping in to let you know i'm thinking of you.	0
it's great meeting you	0
I'm happy to see you!	0
I just stopped by to say hello	0
hello there, how are you? hope things are good!	1
how is your family doing	0
I'm so thrilled to see you!	0
I trust that things are going smoothly for you	0
i am stopping by to say hi	0
It's great to finally meet you in person	0
it's great to see you too!	0
it's great to see you as well!	0
it's great seeing you!	0
hi there, how are you? hope things are good!	1
I just stopped by to say hello	0
nice to see you all!	0
I'm excited to see you all!	0
I've heard nothing but good things about you.	1
i am dropping in to say hey!	0
it's wonderful meeting you	0
how's it going?	0
i hope everything is going well with you	0
dropped in because I was thinking of you.	0
it's nice to see you!	0
good to see you again!	1
nice seeing you all!	0
I'm so excited to see you all!	0
I'm thrilled to be here	0
good morning	1
I'm thrilled to see you all!	0
just stopping by to say hello	0
i hope life has been treating you good	1
how are things?	0
how's your day going?	0
hey friend!	0
I'm thrilled to see you!	0
I'm glad i got the chance to finally meet in person!	0
it's nice seeing you all again!	0
I'm excited to see you!	0
It's great seeing you!	0
it's nice seeing you all!	0
how are you doing?	0
I've heard nothing but good things about you and your family.	1
I've heard nothing but good things about you and your family.	1
do you have any plans for today	0
how are you doing?	0
good evening	1
I'm excited to see you!	0
it's good to see you all again!	1
I just wanted to say hi	0
I've heard a lot about you.	0
do you have any plans for the weekend	0
dropped in because I was thinking of you.	0
it's good to see you too!	1
I'm excited to see you!	0
great seeing you all!	0
I'm glad to see you	0
it's great to see you again!	0
Just saying hello	0
how is everything?	0
good to see you again!	1
nice to finally meet in person	0
good seeing you all!	1
good to see you!	1
it's been a while!	0
It's nice seeing you.	0
good to see you all again!	1
it's nice seeing you again!	0
nice seeing you again	0
great seeing you all again!	0
Hope all is good in the hood!	1
It was good meeting everyone	1
I'm glad to see you all!	0
hey buddy!	0
I'm glad to see you!	0
how is everyone doing	0
I'm happy I got the chance to finally meet you in person.	0
hello	0
it's a pleasure to meet you!	0
it was so nice meeting you	0
i'm stopping by to say hey!	0
Hope all is well with your loved ones.	0
how's your day?	0
greetings friend! how are you doing today?	0
hi friend! how are things going with your family?	0
it's great seeing you all again!	0
hey my friend	0
hey good to see you!	1
how is everything going?	0
how has your day been so far	0
welcome back	0
greetings friend, how are you doing today?	0
it's good to see you all!	1
nice to see you!	0
good to see you all	1
Hope all is well with your family.	0
I'm glad to see you all!	0
what's new	0
great seeing you again	0
Just saying hello	0
it's nice meeting you	0
nice meeting you!	0
hi, how are you?	0
how are things going?	0
just saying hi	0
just saying hi	0
I'm happy to see you all!	0
hope all is well	0
it's great to see you again!	0
i hope everything is going well for you	0
It's great to see you again!	0
good seeing you all again!	1
it's nice seeing you again!	0
It's good to see you!	1
how are things everyone?	0
nice seeing you!	0
great seeing you!	0
good to see you!	1
it's great to see you!	0
it's been a long time!	0
how's it going?	0
how is everyone doing?	0
i hope life has been treating you right	0
how is life treating you	0
welcome back	0
it's great to see you too!	0
hey there, nice to see you!	0
nice to see you again!	0
Good to see you all!	0
it's nice seeing you as well!	0
it's great to see you again!	0
nice seeing you again!	0
I'm excited to see you all!	0
good evening!	1
Hey team how's it going?	0
how have you been?	0
how is everyone doing? i hope all's well.	0
it's nice to see you as well!	0
hey team, how is everything going?	0
it's nice to see you all!	0
hi there, how are you? hope things are good!	1
hey pal!	0
it's nice seeing you!	0
I'm happy to see you all!	0
how's your day?	0
I'm excited to see you!	0
I'm so excited to see you!	0
just wanted to say hi	0
good to see you again!	1
greetings! how are you doing today?	0
nice meeting you again.	0
great seeing you	0
I'm happy to see you	0
it's good to see you again!	1
It's nice to meet you!	0
I'm glad to see you!	0
I just wanted to say hello	0
It was good meeting you	1
welcome back!	0
greetings! how are you doing today?	0
It's great to see you!	0
what's up?	0
I'm glad to see you!	0
hey my friend!	0
I'm happy to see you	0
it's great to meet someone like yourself!	0
good seeing you	1
I've heard a lot about you and your family.	0
how is your family doing?	0
it's great seeing you all!	0
do you have any plans for today?	0
